{
  "testData": [
    {
      "key": "giris",
      "webType": "xpath",
      "webValue": "/html/body/div[1]/div[1]/div/div[2]/div/div/div[3]/div/div/div/div[1]/div[1]/p"      
    },
    
	{
	  "key": "musteriNumarasi",
	  "webType": "id",
	  "webValue": "txtMusteriNo"
	},
    
	{
	  "key": "sifre",
	  "webType": "id",
	  "webValue": "txtSifreP"
	},
    
	{
	  "key": "girisYap",
	  "webType": "xpath",
	  "webValue": "//button[ @class='edged-btns big filled']"
	},
    
	{
	  "key": "smsSifre",
	  "webType": "id", 
	  "webValue": "txtSmsSifreP"
	}

  
    



  ]
}