{
  "testData": [
    {
      "key": "giris",
      "webType": "xpath",
      "webValue": "/html/body/div[1]/div[1]/div/div[2]/div/div/div[3]/div/div/div/div[1]/div[1]/p"      
    },
    
	{
	  "key": "kadın",
	  "webType": "xpath",
	  "webValue": "/html/body/div[1]/div[2]/div/div/div[1]/nav/ul/li[1]/a"
	},
    
	{
	  "key": "makyaj",
	  "webType": "xpath",
	  "webValue": "/html/body/div[1]/div[4]/div/div/div/div/div/article[9]/div/div/div[3]/div[2]/div[1]/a/div[1]/div/div[2]"
	},
    
	{
	  "key": "makyaj_sepet_ekle",
	  "webType": "xpath",
	  "webValue": "/html/body/div[1]/div[5]/main/div/div[2]/div[1]/div[2]/div[2]/div[6]/button/div[1]"
	}
    
	 
  
    



  ]
}